               epoch,      train/box_loss,      train/obj_loss,      train/cls_loss,   metrics/precision,      metrics/recall,     metrics/mAP_0.5,metrics/mAP_0.5:0.95,        val/box_loss,        val/obj_loss,        val/cls_loss,               x/lr0,               x/lr1,               x/lr2
                   0,             0.06363,            0.017004,            0.049179,             0.49247,             0.66138,             0.59567,             0.30902,            0.038802,           0.0084046,            0.035368,            0.070069,           0.0033256,           0.0033256
                   1,            0.046122,             0.01076,            0.021425,             0.79367,             0.83545,             0.87778,             0.46492,            0.038045,           0.0059402,           0.0082849,             0.03941,           0.0059997,           0.0059997
                   2,            0.041021,           0.0089064,           0.0078943,             0.81918,             0.92326,             0.91282,             0.53432,            0.030524,           0.0052996,           0.0054815,           0.0080908,           0.0080138,           0.0080138
                   3,            0.033784,           0.0078401,           0.0054669,             0.96315,             0.95421,             0.97928,             0.65201,            0.024305,           0.0047301,           0.0041495,             0.00703,             0.00703,             0.00703
                   4,            0.030209,           0.0072223,           0.0042024,             0.97253,             0.97163,             0.98607,             0.71153,            0.022134,           0.0044055,           0.0027622,             0.00703,             0.00703,             0.00703
                   5,            0.026559,           0.0067136,           0.0033827,             0.97813,             0.98052,             0.98934,              0.7464,            0.020727,           0.0041848,           0.0021981,             0.00604,             0.00604,             0.00604
                   6,            0.024061,            0.006471,           0.0029814,             0.98572,             0.98211,             0.99227,             0.74833,            0.019069,            0.003995,           0.0019218,             0.00505,             0.00505,             0.00505
                   7,            0.021817,           0.0061694,           0.0025149,             0.98295,             0.98216,             0.99295,             0.77739,            0.017948,            0.003829,           0.0015878,             0.00406,             0.00406,             0.00406
                   8,            0.020153,           0.0059324,           0.0019743,             0.98474,             0.98278,             0.99104,             0.78606,            0.017019,           0.0037048,           0.0013464,             0.00307,             0.00307,             0.00307
                   9,            0.018588,           0.0057134,           0.0017645,              0.9877,             0.98372,             0.99264,              0.7896,            0.016555,            0.003616,           0.0010704,             0.00208,             0.00208,             0.00208
